Year,MattressAccount,BankSavingsAccount,BondsAccount,StocksAccount,Total
2025,400.0,54324.0,5678.0,2334.0,62736.0
2026,444.0,55410.48,5950.040589690721,2609.2772536082475,64413.79784329898
2027,444.0,56518.689600000005,6235.115008624006,2917.021330847215,66114.82593947122
2028,444.0,57649.063392000004,6533.847725026883,3261.0614425320036,67887.9725595589
2029,444.0,58802.04465984,6893.001225205129,3645.678425286057,69784.72431033118
2030,444.0,64636.4255530368,7223.254151947585,4075.658007313301,76379.33771229768
